4915271585,"['4907134779', '4907134778', '4907134777', '4907134776', '4711546668', '4907129570', '4711546667', '4908984758', '4907680501', '417782148', '4907680496', '4907680423', '3925619563', '398949407', '3925642756', '479758698', '5133036386', '479758703', '5320233349', '4822101395', '417782101', '4822120202', '4781063346', '398949396', '4750381727', '4781086751', '613598419', '3925642870', '4911373836', '613598423', '4911373936', '4911372917', '335181287', '4909389137', '4909389155', '5320232434', '1375800750', '310183395', '1375800738', '5320232446', '726616956', '4915271585']"
3994655862,"['4907134779', '4907134778', '4907134777', '4907134776', '4711546668', '4907129570', '4711546667', '4908984758', '4907680501', '417782148', '4907680505', '4907680475', '4907680458', '4907680480', '417782104', '3334318160', '3197236490', '417782149', '3259022306', '271744294', '4394446358', '4870368869', '4394446361', '4870368849', '2425236440', '4394446360', '4405354874', '3928979331', '3929162742', '4870368837', '3929162753', '3928979335', '4870368832', '271744303', '902320908', '1914196534', '5240722909', '1284502173', '335181340', '902315417', '271688416', '2424865744', '4394456111', '271688419', '271688421', '3502018116', '271688336', '3522813347', '281331308', '339941302', '3522813412', '271688337', '2730916321', '1824324570', '1824324557', '1824324650', '4035908185', '266655326', '1824324618', '2440339292', '2440339295', '632449887', '727547052', '4907420343', '305158199', '3516570761', '281331295', '271894038', '305190571', '4907418857', '725490616', '3502018146', '725490585', '3511169067', '3511169056', '3523432087', '3523432396', '3523432398', '3523432397', '3523432395', '3523432089', '3523432088', '3523432090', '3523432394', '3523432420', '3523432423', '3523432422', '3523432417', '3523432415', '3523432416', '3523432413', '3523432407', '3523432432', '3518360622', '346891667', '346891672', '3506167373', '4954970917', '726616931', '346890022', '726616924', '346889998', '727546644', '582599271', '582599270', '582599269', '724475292', '724475143', '724475023', '724474879', '724475258', '724475081', '724475058', '724474979', '724475015', '724474912', '724475242', '724475044', '724475270', '1648559652', '1648559616', '703001665', '3518022928', '3518022927', '721255255', '3528320991', '721255168', '703001652', '3533980302', '703001655', '3133238030', '3133236715', '3133236701', '3133238045', '3133238055', '3133238057', '3133238137', '3133238138', '3133238142', '3133238176', '3133238170', '3133238177', '3133238180', '618610445', '1383349278', '1380711337', '618610443', '3520892509', '1380963818', '1380711316', '3520892505', '3520890578', '3520890577', '3520890576', '3520890589', '3520890590', '1380711326', '1383349202', '1803323394', '1802059562', '3994655748', '664126689', '1651859398', '1380963854', '1652618542', '663463995', '1652829293', '1652618544', '1380963917', '664126691', '1652618570', '1651859495', '1380711418', '663464009', '1802059951', '664126693', '663464008', '663464007', '1380964047', '664126695', '5409862861', '664126696', '663464006', '663464005', '1380711599', '663464010', '664132809', '1802060330', '1802060333', '4765476517', '4757414523', '664132810', '3994655867', '3994655870', '3994655879', '3994655887', '3994655889', '3994655888', '3994655862']"
3994656121,"['4907134779', '4907134778', '4907134777', '4907134776', '4711546668', '4907129570', '4711546667', '4908984758', '4907680501', '417782148', '4907680505', '4907680475', '4907680458', '4907680480', '417782104', '3334318160', '3197236490', '417782149', '3259022306', '271744294', '4394446358', '4870368869', '4394446361', '4870368849', '2425236440', '4394446360', '4405354874', '3928979331', '3929162742', '4870368837', '3929162753', '3928979335', '4870368832', '271744303', '902320908', '1914196534', '5240722909', '1284502173', '335181340', '902315417', '271688416', '2424865744', '4394456111', '271688419', '271688421', '3502018116', '271688336', '3522813347', '281331308', '339941302', '3522813412', '271688337', '2730916321', '1824324570', '1824324557', '1824324650', '4035908185', '266655326', '1824324618', '2440339292', '2440339295', '632449887', '727547052', '4907420343', '305158199', '3516570761', '281331295', '271894038', '305190571', '4907418857', '725490616', '3502018146', '725490585', '3511169067', '3511169056', '3523432087', '3523432396', '3523432398', '3523432397', '3523432395', '3523432089', '3523432088', '3523432090', '3523432394', '3523432420', '3523432423', '3523432422', '3523432417', '3523432415', '3523432416', '3523432413', '3523432407', '3523432432', '3518360622', '346891667', '346891672', '3506167373', '4954970917', '726616931', '346890022', '726616924', '346889998', '727546644', '582599271', '582599270', '582599269', '724475292', '724475143', '724475023', '724474879', '724475258', '724475081', '724475058', '724474979', '724475015', '724474912', '724475242', '724475007', '724475128', '4770670037', '724474963', '2751570808', '724475161', '2751570801', '724474866', '724474882', '724475297', '724475171', '724475218', '3503686276', '724475107', '724474943', '480688975', '724475183', '5322060310', '5177904846', '3520892589', '5177904843', '5322065175', '5322065179', '480688976', '3520892596', '5177899780', '3520892599', '5322427052', '660472137', '4723809179', '5135502699', '1710219561', '5177980334', '4723809155', '4723809156', '4723809157', '4723809158', '4723809159', '4723809160', '4723809161', '4723809162', '4723809163', '5162623847', '4723809164', '4723809165', '4723809166', '4723809167', '4723809168', '4723809169', '4723809170', '660472146', '3520892592', '3552509833', '1380711658', '2521152949', '792055325', '2521152948', '2521152947', '5211344932', '1767748619', '660472121', '792053164', '3994656107', '2521152958', '5135501186', '1380711681', '2455711595', '2521152959', '2521152960', '792053158', '2104815346', '5135495643', '792053166', '2521152961', '1380711689', '2521152962', '792053160', '1380711683', '5211344944', '2526421699', '792053159', '1380711676', '3994656200', '3994656193', '3912686836', '3912686839', '3912686840', '3912686841', '3994656153', '3994656136', '3912686842', '3994656122', '3994656121']"
3626033506,"['4907134779', '4907134778', '4907134777', '4907134776', '4711546668', '4907129570', '4711546667', '4908984758', '4907680501', '417782148', '4907680496', '4907680423', '3925619563', '398949407', '3925642756', '479758698', '5133036386', '479758703', '5320233349', '4822101395', '417782101', '4822120202', '4781063346', '398949396', '3925642873', '4911373871', '4750361621', '4911373870', '4781084846', '398949405', '335181294', '4911372916', '456740752', '335181257', '335181252', '4683014421', '335181277', '3626033506']"
1764142292,"['4907134779', '4907134780', '4907133145', '4907133144', '4907132608', '4907132606', '4907132604', '4907132603', '4907132601', '4907132599', '4711546669', '4712889895', '4712889896', '4711546672', '417782147', '4908984786', '4908984820', '4908984818', '4785840707', '4908985027', '4785597133', '4784016223', '4784016221', '4864348001', '4793311320', '417782133', '4908984793', '4697466012', '4793143602', '417782132', '3925618254', '1757104928', '479758684', '4697463994', '3925618251', '271688371', '3925618248', '4782700823', '4782706652', '4711262112', '4711250215', '5279304412', '479758719', '3925618246', '479758720', '479758721', '479758722', '479758723', '479758724', '479758725', '479758726', '479758727', '479758728', '479758729', '526895936', '4417406433', '2656077115', '479758730', '398949400', '398949402', '398949435', '398949433', '398949438', '5133034712', '398949437', '310369233', '3678474543', '310369301', '5134914941', '929275887', '929275890', '929275892', '929275888', '929275893', '929275891', '4100736076', '929354127', '929354152', '929354092', '929354171', '929354187', '929354167', '945458224', '2280388289', '4860090732', '1767165448', '1764142302', '1767172448', '1764142304', '1764142292']"
1375800696,"['4907134779', '4907134778', '4907134777', '4907134776', '4711546668', '4907129570', '4711546667', '4908984758', '4907680501', '417782148', '4907680496', '4907680423', '3925619563', '398949407', '3925642756', '479758698', '5133036386', '479758703', '5320233349', '4822101395', '417782101', '4822120202', '4781063346', '398949396', '3925642873', '4911373871', '4750361621', '4911373870', '4781084846', '398949405', '335181294', '4911372916', '456740752', '335181257', '335181252', '4683014421', '335181277', '3626033505', '271688382', '310369368', '4982465726', '306095234', '1375800694', '1375800696']"
4191479652,"['4907134779', '4907134778', '4907134777', '4907134776', '4711546668', '4907129570', '4711546667', '4908984758', '4907680501', '417782148', '4907680505', '4907680475', '4907680458', '4907680480', '417782104', '3334318160', '3197236490', '417782149', '3259022306', '271744294', '4394446358', '4870368869', '4394446361', '4870368849', '2425236440', '4394446360', '4405354874', '3928979331', '3929162742', '4870368837', '3929162753', '3928979335', '4870368832', '271744303', '902320908', '1914196534', '5240722909', '1284502173', '335181340', '3522813404', '4395860902', '4405330008', '4716922669', '335181343', '4726774415', '302864803', '4116061696', '3987132814', '302864805', '266655306', '2524147681', '266655307', '3744643795', '3744643793', '3405260127', '3405260124', '3744643773', '3987132812', '3744643015', '3744642979', '398949523', '3405260123', '398949455', '335181331', '456740733', '417782109', '437017877', '437018504', '437021468', '522091623', '522091621', '522091619', '522091614', '3568812862', '3568812858', '3588267531', '3568812848', '3588267530', '3588267537', '3588267503', '3588267496', '3588267292', '3588267291', '3588267285', '3588267282', '3588267263', '3588267257', '3588267256', '3568812800', '3568812809', '3568812801', '3568812797', '4191479643', '4191479644', '4191479649', '5182572594', '5182572597', '4191479651', '4191479638', '4191479639', '4191479648', '4191479652']"
3632259464,"['4907134779', '4907134778', '4907134777', '4907134776', '4711546668', '4907129570', '4711546667', '4908984758', '4907680501', '417782148', '4907680496', '4907680423', '3925619563', '398949407', '3925642756', '479758698', '5133036386', '479758703', '5320233349', '4822101395', '417782101', '4822120202', '4781063346', '398949396', '3925642873', '4911373871', '4750361621', '4911373870', '4781084846', '398949405', '335181294', '4911372916', '456740752', '335181257', '335181252', '310183393', '4258445169', '335181246', '4258445170', '3514033925', '4258445176', '302864798', '4258445173', '3514033924', '4843265439', '4843265436', '4843265434', '3514033923', '4191464365', '310369374', '302663223', '4191464344', '3514033922', '4191464351', '4842426233', '304884951', '304884949', '4842426085', '4842426059', '4842426042', '310369371', '4842426027', '3514033921', '3514033920', '1271518452', '3514033919', '3522813314', '937608162', '3522813311', '3514033918', '1271518417', '3514033917', '330282918', '3405257992', '256623350', '1271520672', '1271520675', '3639960518', '5404806557', '1449370908', '3639960289', '3405257988', '593269190', '3639960284', '3405257985', '256623349', '2920023847', '3514033916', '2920023838', '3640016627', '3405257984', '3640016622', '339941240', '3640016619', '3405257983', '2896925536', '336069336', '2124929541', '2124929542', '336069332', '559984832', '2455062892', '2455062891', '1762585088', '3514033915', '3405257982', '1762585055', '339941288', '3987132764', '3987132763', '2918294810', '2918294809', '1449539540', '4824791466', '4824791472', '4824791465', '2199147655', '2199147653', '4824791475', '3986149375', '2455693983', '3986149372', '3998065297', '1762585096', '3998065241', '3998065195', '3998065188', '3998065187', '3998065170', '3998065155', '1225016598', '3998065088', '3709969573', '3986149366', '3709969537', '3986149365', '3984132011', '4713854081', '3986149364', '2124959708', '4899078689', '581191317', '1234594346', '3555222064', '2520212291', '2520212296', '2520212292', '2520212295', '2520212293', '2520212294', '581191316', '3627152217', '3984132010', '1820737942', '4713854175', '3986149362', '3986149360', '4713854182', '4713854173', '4713854168', '4714162123', '581191315', '2520212297', '581191314', '4713854157', '2520212298', '1822886793', '581191313', '1822886705', '1822886514', '1822886936', '1822886697', '581191312', '2415893869', '2415893890', '3555222062', '3555222036', '3555222033', '3639625253', '3639625252', '1999882301', '471809745', '3555222007', '3100462971', '3626033162', '3626000885', '3626000879', '1117350504', '1117350416', '1117350429', '1136652281', '1136652371', '1136652266', '1136652334', '1136652361', '1136652311', '4243524547', '1136652325', '1136652288', '1136652300', '1136652275', '1136652283', '1136652262', '1136652267', '4243524566', '1136652338', '1136652366', '1136652317', '1136652329', '1136652290', '1136652305', '1136652307', '3626000868', '3639357137', '3627194294', '3627191092', '3627191091', '3627191089', '3627191090', '3639357117', '600488148', '3625896565', '4714162363', '3625896571', '3981117484', '3625896589', '3625896587', '3625896581', '3625896574', '2518949526', '3632259466', '3632259464']"
3994497175,"['4907134779', '4907134780', '4907133145', '4907133144', '4907132608', '4907132607', '4907132605', '4711546674', '4711546673', '417782150', '398949409', '398949412', '1137240275', '417782106', '2159984041', '271688572', '2159983951', '271688573', '1761960015', '271688459', '281331333', '3998367509', '3998367511', '3998367514', '3998367517', '3998367519', '3998367522', '3998367523', '3998367524', '3998367551', '3998367558', '3998367565', '3998367586', '3998367610', '281331353', '336061486', '281331363', '271700091', '3998367703', '4716922658', '356292067', '3994496782', '3514033935', '271700087', '5255038550', '672526761', '3514033936', '271700083', '3514033937', '3514033938', '271700078', '281331362', '4739284996', '365769059', '4761017282', '365769057', '3514033939', '4761012981', '4739284973', '365770681', '5137403314', '3514033940', '365769055', '92990193', '1330205156', '365771413', '1815528661', '1815528660', '92990192', '678458707', '5135386697', '678458709', '660469100', '660469101', '1707470215', '1707470199', '3640201124', '1709465520', '5242291019', '3640201125', '1707470204', '1707470139', '1709465515', '1709465543', '1709465529', '5242306832', '660469182', '5242323454', '660469183', '1709483199', '1822640808', '1709465553', '1707472423', '1707472418', '1707472430', '5242323959', '5242323938', '1707472411', '5242323948', '5242323949', '1707472419', '5242323951', '1707472413', '1707472421', '1707472414', '3678098572', '1707472429', '1707472426', '1707472422', '1707472420', '3994496949', '1707472428', '3994497039', '3994497062', '1707472431', '3994497088', '3994497098', '1707472412', '5279173616', '3994497116', '5279173613', '5279173610', '1707472415', '5279173608', '1707472427', '1252051863', '2523364834', '2523364833', '3994497136', '2523364832', '2523364831', '3994497166', '660462971', '3994497175']"
2751570824,"['4907134779', '4907134778', '4907134777', '4907134776', '4711546668', '4907129570', '4711546667', '4908984758', '4907680501', '417782148', '4907680505', '4907680475', '4907680458', '4907680480', '417782104', '3334318160', '3197236490', '417782149', '3259022306', '271744294', '4394446358', '4870368869', '4394446361', '4870368849', '2425236440', '4394446360', '4405354874', '3928979331', '3929162742', '4870368837', '3929162753', '3928979335', '4870368832', '271744303', '902320908', '1914196534', '5240722909', '1284502173', '335181340', '902315417', '271688416', '2424865744', '4394456111', '271688419', '271688421', '3502018116', '271688336', '3522813347', '281331308', '339941302', '3522813412', '271688337', '2730916321', '1824324570', '1824324557', '1824324650', '4035908185', '266655326', '1824324618', '2440339292', '2440339295', '632449887', '727547052', '4907420343', '305158199', '3516570761', '281331295', '271894038', '305190571', '4907418857', '725490616', '3502018146', '725490585', '3511169067', '3511169056', '3523432087', '3523432396', '3523432398', '3523432397', '3523432395', '3523432089', '3523432088', '3523432090', '3523432394', '3523432420', '3523432423', '3523432422', '3523432417', '3523432415', '3523432416', '3523432413', '3523432407', '3523432432', '3518360622', '346891667', '346891672', '3506167373', '4954970917', '726616931', '346890022', '726616924', '346889998', '727546644', '582599271', '582599270', '582599269', '724475292', '724475143', '724475023', '724474879', '724475258', '724475081', '724475058', '724474979', '724475015', '724474912', '724475242', '724475044', '724475270', '480688973', '2520903606', '2520903590', '2520903608', '2520903588', '2520903610', '3501730670', '2520903592', '2520903612', '480688974', '2751595356', '2751570810', '2751570826', '2751570824']"
